-- =============================================================
-- SEED DATA — Realistic Russian real estate (Makhachkala)
-- Password for all seed users: "Password123!" (bcrypt hash below)
-- =============================================================

-- Agency
INSERT INTO agencies (id, name) VALUES
    ('a0000000-0000-0000-0000-000000000001', 'ООО "Эста Недвижимость"');

-- Users (bcrypt hash of "Password123!")
INSERT INTO users (id, agency_id, email, password_hash, role, full_name, phone, permission_flags) VALUES
    ('a0000000-0000-0000-0000-000000000001',
     'a0000000-0000-0000-0000-000000000001',
     'admin@esta.ru',
     '$2b$12$LQv3c1yqBWVHxkd0LHAkCOYz6TtxMQJqhN8/LewdBPj4tbQQ3Ykam',
     'superadmin', 'Суперадмин Система', '+79280000001',
     '{"can_view_global_database":true,"can_export_data":true,"can_see_financials":true,"can_delete_records":true}'),

    ('a0000000-0000-0000-0000-000000000002',
     'a0000000-0000-0000-0000-000000000001',
     'ruslan@esta.ru',
     '$2b$12$LQv3c1yqBWVHxkd0LHAkCOYz6TtxMQJqhN8/LewdBPj4tbQQ3Ykam',
     'admin', 'Руслан Магомедов', '+79280000002',
     '{"can_view_global_database":true,"can_export_data":true,"can_see_financials":true,"can_delete_records":false}'),

    ('a0000000-0000-0000-0000-000000000003',
     'a0000000-0000-0000-0000-000000000001',
     'zarema@esta.ru',
     '$2b$12$LQv3c1yqBWVHxkd0LHAkCOYz6TtxMQJqhN8/LewdBPj4tbQQ3Ykam',
     'agent', 'Зарема Алиева', '+79280000003',
     '{"can_view_global_database":true,"can_export_data":false,"can_see_financials":true,"can_delete_records":false}'),

    ('a0000000-0000-0000-0000-000000000004',
     'a0000000-0000-0000-0000-000000000001',
     'marat@esta.ru',
     '$2b$12$LQv3c1yqBWVHxkd0LHAkCOYz6TtxMQJqhN8/LewdBPj4tbQQ3Ykam',
     'agent', 'Марат Гасанов', '+79280000004',
     '{"can_view_global_database":true,"can_export_data":false,"can_see_financials":false,"can_delete_records":false}'),

    ('a0000000-0000-0000-0000-000000000005',
     'a0000000-0000-0000-0000-000000000001',
     'aisha@esta.ru',
     '$2b$12$LQv3c1yqBWVHxkd0LHAkCOYz6TtxMQJqhN8/LewdBPj4tbQQ3Ykam',
     'agent', 'Айша Омарова', '+79280000005',
     '{"can_view_global_database":false,"can_export_data":false,"can_see_financials":false,"can_delete_records":false}');

-- Owners (sellers)
INSERT INTO owners (id, full_name, phone, email, notes, created_by) VALUES
    ('b0000000-0000-0000-0000-000000000001', 'Ахмед Исаев',        '+79281111001', 'ahmed@mail.ru',   'Торгуется, готов к ипотеке',     'a0000000-0000-0000-0000-000000000003'),
    ('b0000000-0000-0000-0000-000000000002', 'Патимат Магомедова', '+79281111002', NULL,               'Срочно продаёт, переезжает',      'a0000000-0000-0000-0000-000000000003'),
    ('b0000000-0000-0000-0000-000000000003', 'Курбан Алиев',       '+79281111003', 'kurban@yandex.ru', 'Первичный контакт состоялся',     'a0000000-0000-0000-0000-000000000004'),
    ('b0000000-0000-0000-0000-000000000004', 'Хаджимурад Гасанов', '+79281111004', NULL,               NULL,                              'a0000000-0000-0000-0000-000000000004'),
    ('b0000000-0000-0000-0000-000000000005', 'Залина Омарова',     '+79281111005', 'zalina@mail.ru',   'Объект в ипотеке, согласовал банк','a0000000-0000-0000-0000-000000000005'),
    ('b0000000-0000-0000-0000-000000000006', 'Гаджи Рамазанов',    '+79281111006', NULL,               'Цена фиксированная',              'a0000000-0000-0000-0000-000000000002'),
    ('b0000000-0000-0000-0000-000000000007', 'Умму Хасанова',      '+79281111007', NULL,               NULL,                              'a0000000-0000-0000-0000-000000000002'),
    ('b0000000-0000-0000-0000-000000000008', 'Шамиль Абдуллаев',   '+79281111008', NULL,               'Торг уместен до 5%',              'a0000000-0000-0000-0000-000000000003'),
    ('b0000000-0000-0000-0000-000000000009', 'Барият Нурмагомедова','+79281111009',NULL,               NULL,                              'a0000000-0000-0000-0000-000000000004'),
    ('b0000000-0000-0000-0000-000000000010', 'Магомед Камалов',    '+79281111010', NULL,               'Продаёт два объекта',             'a0000000-0000-0000-0000-000000000005');

-- Properties (50 listings across Makhachkala)
INSERT INTO properties (
    id, owner_agent_id, owner_id, visibility_status, property_type,
    city, district, street, house_number, apartment_number,
    price, area_sqm, rooms, floor, floor_total,
    conditions, tags, description
) VALUES
-- APARTMENTS (Центр)
    ('c0000000-0000-0000-0001-000000000001', 'a0000000-0000-0000-0000-000000000003', 'b0000000-0000-0000-0000-000000000001',
     'shared', 'apartment', 'Махачкала', 'Центр', 'пр-т Расула Гамзатова', '12', '54',
     4800000, 62.5, 2, 5, 9, ARRAY['mortgage','cash']::payment_form[],
     ARRAY['Торг','Эксклюзив'], 'Просторная двухкомнатная квартира в центре города. Евроремонт, встроенная кухня, пластиковые окна. Тихий двор.'),

    ('c0000000-0000-0000-0001-000000000002', 'a0000000-0000-0000-0000-000000000003', 'b0000000-0000-0000-0000-000000000002',
     'shared', 'apartment', 'Махачкала', 'Центр', 'ул. Ярагского', '52', '31',
     6200000, 78.0, 3, 3, 5, ARRAY['cash','mortgage','matcapital']::payment_form[],
     ARRAY['Срочно','Материнский капитал'], 'Трёхкомнатная квартира с видом на горы. Жилое состояние, требует косметического ремонта.'),

    ('c0000000-0000-0000-0001-000000000003', 'a0000000-0000-0000-0000-000000000004', NULL,
     'private', 'apartment', 'Махачкала', 'Центр', 'ул. Дахадаева', '7', '12',
     3200000, 38.0, 1, 2, 10, ARRAY['cash','mortgage']::payment_form[],
     ARRAY['Новострой'], 'Студия в новом доме. Чистовая отделка от застройщика. Подземный паркинг.'),

    ('c0000000-0000-0000-0001-000000000004', 'a0000000-0000-0000-0000-000000000002', 'b0000000-0000-0000-0000-000000000006',
     'public', 'apartment', 'Махачкала', 'Центр', 'пр-т имени Гамидова', '28', '8',
     9500000, 110.0, 4, 7, 12, ARRAY['cash','mortgage','installment']::payment_form[],
     ARRAY['Эксклюзив','Рассрочка'], 'Элитная четырёхкомнатная квартира. Дизайнерский ремонт, панорамные окна, собственная охрана.'),

    ('c0000000-0000-0000-0001-000000000005', 'a0000000-0000-0000-0000-000000000005', 'b0000000-0000-0000-0000-000000000005',
     'shared', 'apartment', 'Махачкала', 'Центр', 'ул. Коркмасова', '35', '17',
     5100000, 70.0, 3, 8, 14, ARRAY['mortgage','military_mortgage']::payment_form[],
     ARRAY['Военная ипотека'], 'Трёхкомнатная квартира в монолитном доме. Хороший ремонт, рядом парк.'),

-- APARTMENTS (Горная)
    ('c0000000-0000-0000-0001-000000000006', 'a0000000-0000-0000-0000-000000000003', 'b0000000-0000-0000-0000-000000000003',
     'shared', 'apartment', 'Махачкала', 'Горная', 'ул. Горная', '15', '22',
     2900000, 45.0, 1, 4, 9, ARRAY['cash','mortgage','matcapital']::payment_form[],
     ARRAY['Торг'], 'Однокомнатная квартира в спокойном районе. Балкон с видом на горы, свежий ремонт.'),

    ('c0000000-0000-0000-0001-000000000007', 'a0000000-0000-0000-0000-000000000004', 'b0000000-0000-0000-0000-000000000004',
     'shared', 'apartment', 'Махачкала', 'Горная', 'ул. Казбекская', '8', '5',
     4100000, 58.0, 2, 1, 5, ARRAY['cash','mortgage']::payment_form[],
     ARRAY['Срочно'], 'Двухкомнатная на первом этаже. Возможен перевод в нежилой фонд.'),

    ('c0000000-0000-0000-0001-000000000008', 'a0000000-0000-0000-0000-000000000002', 'b0000000-0000-0000-0000-000000000007',
     'public', 'apartment', 'Махачкала', 'Горная', 'ул. Советская', '102', '91',
     7800000, 95.0, 4, 6, 9, ARRAY['cash','mortgage','trade_in']::payment_form[],
     ARRAY['Трейд-ин','Эксклюзив'], 'Просторная четырёхкомнатная квартира. Трейд-ин принимается.'),

-- APARTMENTS (Искож)
    ('c0000000-0000-0000-0001-000000000009', 'a0000000-0000-0000-0000-000000000005', NULL,
     'private', 'apartment', 'Махачкала', 'Искож', 'мкр. Искож', '3', '44',
     2500000, 35.5, 1, 2, 5, ARRAY['cash','mortgage']::payment_form[],
     ARRAY['Бюджет'], 'Однокомнатная квартира. Чистое жилое состояние, удобная планировка.'),

    ('c0000000-0000-0000-0001-000000000010', 'a0000000-0000-0000-0000-000000000003', 'b0000000-0000-0000-0000-000000000008',
     'shared', 'apartment', 'Махачкала', 'Искож', 'мкр. Искож', '12', '87',
     3600000, 52.0, 2, 3, 9, ARRAY['cash','mortgage','matcapital']::payment_form[],
     ARRAY['Торг','Материнский капитал'], 'Двухкомнатная квартира. Средний этаж, хорошее состояние.'),

-- APARTMENTS (Дубки)
    ('c0000000-0000-0000-0001-000000000011', 'a0000000-0000-0000-0000-000000000004', 'b0000000-0000-0000-0000-000000000009',
     'shared', 'apartment', 'Махачкала', 'Дубки', 'ул. Лесная', '5', '21',
     3100000, 48.0, 2, 3, 5, ARRAY['cash','mortgage']::payment_form[],
     ARRAY['Тихий район'], 'Двухкомнатная квартира в тихом зелёном районе. Рядом лес, хорошая инфраструктура.'),

    ('c0000000-0000-0000-0001-000000000012', 'a0000000-0000-0000-0000-000000000002', NULL,
     'shared', 'apartment', 'Махачкала', 'Дубки', 'ул. Дубовая', '18', '34',
     4500000, 65.0, 3, 4, 5, ARRAY['cash','mortgage','installment']::payment_form[],
     ARRAY['Рассрочка'], 'Трёхкомнатная квартира. Хороший ремонт, большая кухня.'),

-- APARTMENTS (Стрелка)
    ('c0000000-0000-0000-0001-000000000013', 'a0000000-0000-0000-0000-000000000005', 'b0000000-0000-0000-0000-000000000010',
     'public', 'apartment', 'Махачкала', 'Стрелка', 'ул. Морская', '3', '15',
     11000000, 130.0, 5, 10, 16, ARRAY['cash','mortgage']::payment_form[],
     ARRAY['Элитный','Вид на море'], 'Пятикомнатная квартира на высоком этаже. Панорамный вид на Каспийское море. Премиум отделка.'),

    ('c0000000-0000-0000-0001-000000000014', 'a0000000-0000-0000-0000-000000000003', NULL,
     'shared', 'apartment', 'Махачкала', 'Стрелка', 'пр-т Приморский', '22', '67',
     5800000, 74.0, 3, 5, 12, ARRAY['cash','mortgage','military_mortgage']::payment_form[],
     ARRAY['Военная ипотека'], 'Трёхкомнатная квартира с видом на море. Рядом набережная, кафе, магазины.'),

-- APARTMENTS (Университет)
    ('c0000000-0000-0000-0001-000000000015', 'a0000000-0000-0000-0000-000000000004', 'b0000000-0000-0000-0000-000000000001',
     'shared', 'apartment', 'Махачкала', 'Университет', 'ул. Акушинского', '9', '55',
     4200000, 61.0, 2, 6, 10, ARRAY['cash','mortgage','matcapital']::payment_form[],
     ARRAY['Рядом универ'], 'Двухкомнатная квартира в студенческом районе. Рядом ДГУ и ДГТУ.'),

-- NEW_BUILDING listings
    ('c0000000-0000-0000-0002-000000000001', 'a0000000-0000-0000-0000-000000000002', NULL,
     'public', 'new_building', 'Махачкала', 'Центр', 'ул. Батырая', '1', NULL,
     4600000, 57.0, 2, 8, 20, ARRAY['mortgage','installment','matcapital']::payment_form[],
     ARRAY['Сданный дом','ЖК Парус'], 'ЖК "Парус" — квартира с чистовой отделкой. Закрытая территория, паркинг.'),

    ('c0000000-0000-0000-0002-000000000002', 'a0000000-0000-0000-0000-000000000003', NULL,
     'public', 'new_building', 'Махачкала', 'Стрелка', 'ул. Приморская', '10', NULL,
     7200000, 88.0, 3, 14, 25, ARRAY['mortgage','installment']::payment_form[],
     ARRAY['Строится','ЖК Лазурный'], 'ЖК "Лазурный берег" — сдача 2025 г. Вид на море. Подземный паркинг.'),

    ('c0000000-0000-0000-0002-000000000003', 'a0000000-0000-0000-0000-000000000004', NULL,
     'shared', 'new_building', 'Махачкала', 'Университет', 'пр-т Насрутдинова', '3', NULL,
     3100000, 40.0, 1, 5, 15, ARRAY['mortgage','matcapital','military_mortgage']::payment_form[],
     ARRAY['Строится','ЖК Столичный'], 'ЖК "Столичный" — студия, сдача 2026. Рядом университеты.'),

-- HOUSES
    ('c0000000-0000-0000-0003-000000000001', 'a0000000-0000-0000-0000-000000000002', 'b0000000-0000-0000-0000-000000000002',
     'shared', 'house', 'Махачкала', 'Горная', 'ул. Нагорная', '47', NULL,
     12000000, 180.0, NULL, NULL, NULL, ARRAY['cash','mortgage']::payment_form[],
     ARRAY['Торг','Все коммуникации'], 'Двухэтажный коттедж 180 м². Участок 6 соток, все коммуникации, гараж.'),

    ('c0000000-0000-0000-0003-000000000002', 'a0000000-0000-0000-0000-000000000003', 'b0000000-0000-0000-0000-000000000004',
     'shared', 'house', 'Махачкала', 'Дубки', 'ул. Садовая', '12', NULL,
     8500000, 140.0, NULL, NULL, NULL, ARRAY['cash','trade_in']::payment_form[],
     ARRAY['Трейд-ин','Дача'], 'Дача с домом 140 м². Сад, баня, беседка. Тихое место.'),

    ('c0000000-0000-0000-0003-000000000003', 'a0000000-0000-0000-0000-000000000005', 'b0000000-0000-0000-0000-000000000006',
     'public', 'house', 'Махачкала', 'Университет', 'ул. Университетская', '88', NULL,
     15000000, 220.0, NULL, NULL, NULL, ARRAY['cash','mortgage']::payment_form[],
     ARRAY['Эксклюзив','Элитный'], 'Особняк 220 м² с бассейном. Дизайнерский интерьер, умный дом.'),

    ('c0000000-0000-0000-0003-000000000004', 'a0000000-0000-0000-0000-000000000004', NULL,
     'shared', 'house', 'Махачкала', 'Центр', 'ул. Пушкина', '33', NULL,
     6800000, 120.0, NULL, NULL, NULL, ARRAY['cash','mortgage','installment']::payment_form[],
     ARRAY['Рассрочка'], 'Жилой дом 120 м² в центре города. Требует ремонта. Участок 4 сотки.'),

-- LAND
    ('c0000000-0000-0000-0004-000000000001', 'a0000000-0000-0000-0000-000000000002', 'b0000000-0000-0000-0000-000000000007',
     'shared', 'land', 'Махачкала', 'Дубки', 'ул. Лесная', NULL, NULL,
     1800000, 600.0, NULL, NULL, NULL, ARRAY['cash']::payment_form[],
     ARRAY['ИЖС'], 'Участок 6 соток ИЖС. Ровный, подъезд асфальт, электричество подведено.'),

    ('c0000000-0000-0000-0004-000000000002', 'a0000000-0000-0000-0000-000000000003', 'b0000000-0000-0000-0000-000000000008',
     'shared', 'land', 'Махачкала', 'Горная', 'Горный массив', NULL, NULL,
     4500000, 1500.0, NULL, NULL, NULL, ARRAY['cash','installment']::payment_form[],
     ARRAY['ИЖС','Рассрочка','Вид на горы'], 'Участок 15 соток ИЖС в горном массиве. Потрясающий вид на горы.'),

    ('c0000000-0000-0000-0004-000000000003', 'a0000000-0000-0000-0000-000000000005', NULL,
     'private', 'land', 'Махачкала', 'Искож', 'мкр. Южный', NULL, NULL,
     950000, 400.0, NULL, NULL, NULL, ARRAY['cash']::payment_form[],
     ARRAY['СНТ','Бюджет'], 'Садовый участок 4 сотки. Есть постройки, свет подведён.'),

-- COMMERCIAL
    ('c0000000-0000-0000-0005-000000000001', 'a0000000-0000-0000-0000-000000000002', 'b0000000-0000-0000-0000-000000000001',
     'public', 'commercial', 'Махачкала', 'Центр', 'пр-т Расула Гамзатова', '5', NULL,
     18000000, 200.0, NULL, NULL, NULL, ARRAY['cash','installment']::payment_form[],
     ARRAY['Действующий бизнес','Отдельный вход','Парковка'], 'Торговое помещение 200 м² с действующим арендатором. Арендный поток 150 000 р/мес.'),

    ('c0000000-0000-0000-0005-000000000002', 'a0000000-0000-0000-0000-000000000004', 'b0000000-0000-0000-0000-000000000009',
     'shared', 'commercial', 'Махачкала', 'Искож', 'мкр. Промышленный', '1', NULL,
     9500000, 350.0, NULL, NULL, NULL, ARRAY['cash']::payment_form[],
     ARRAY['Склад','Большая площадь'], 'Складское помещение 350 м². Высокие потолки 6 м, ворота для фур.'),

    ('c0000000-0000-0000-0005-000000000003', 'a0000000-0000-0000-0000-000000000003', NULL,
     'shared', 'commercial', 'Махачкала', 'Стрелка', 'ул. Приморская', '8', NULL,
     25000000, 150.0, NULL, NULL, NULL, ARRAY['cash','mortgage']::payment_form[],
     ARRAY['Мокрые точки','Ресторан','Вид на море'], 'Помещение под ресторан 150 м² с видом на море. Мокрые точки, вытяжка.'),

-- RENT
    ('c0000000-0000-0000-0006-000000000001', 'a0000000-0000-0000-0000-000000000005', 'b0000000-0000-0000-0000-000000000010',
     'public', 'rent', 'Махачкала', 'Центр', 'пр-т Расула Гамзатова', '44', '101',
     45000, 60.0, 2, 3, 9, ARRAY['cash']::payment_form[],
     ARRAY['Аренда','Мебель'], 'Двухкомнатная квартира в аренду. Полностью меблирована, бытовая техника.'),

    ('c0000000-0000-0000-0006-000000000002', 'a0000000-0000-0000-0000-000000000002', NULL,
     'public', 'rent', 'Махачкала', 'Университет', 'ул. Акушинского', '15', '25',
     22000, 35.0, 1, 4, 9, ARRAY['cash']::payment_form[],
     ARRAY['Аренда','Студентам'], 'Однокомнатная квартира. Рядом ДГУ. Без животных.'),

-- Extra apartments to reach ~50
    ('c0000000-0000-0000-0007-000000000001', 'a0000000-0000-0000-0000-000000000003', NULL,
     'shared', 'apartment', 'Махачкала', 'Центр', 'ул. Буйнакского', '28', '10',
     3800000, 54.0, 2, 5, 9, ARRAY['cash','mortgage']::payment_form[], ARRAY['Хороший ремонт'], NULL),
    ('c0000000-0000-0000-0007-000000000002', 'a0000000-0000-0000-0000-000000000004', NULL,
     'shared', 'apartment', 'Махачкала', 'Горная', 'ул. Горная', '22', '33',
     2700000, 42.0, 1, 3, 5, ARRAY['cash','mortgage','matcapital']::payment_form[], ARRAY['Торг'], NULL),
    ('c0000000-0000-0000-0007-000000000003', 'a0000000-0000-0000-0000-000000000005', NULL,
     'shared', 'apartment', 'Махачкала', 'Дубки', 'ул. Ленина', '5', '18',
     4300000, 63.0, 3, 2, 5, ARRAY['mortgage','cash','installment']::payment_form[], ARRAY['Рассрочка'], NULL),
    ('c0000000-0000-0000-0007-000000000004', 'a0000000-0000-0000-0000-000000000002', NULL,
     'shared', 'apartment', 'Махачкала', 'Искож', 'мкр. Искож', '6', '77',
     3300000, 50.0, 2, 4, 9, ARRAY['cash','mortgage']::payment_form[], ARRAY[]::text[], NULL),
    ('c0000000-0000-0000-0007-000000000005', 'a0000000-0000-0000-0000-000000000003', NULL,
     'shared', 'apartment', 'Махачкала', 'Стрелка', 'ул. Морская', '9', '42',
     6900000, 82.0, 3, 7, 12, ARRAY['mortgage','cash']::payment_form[], ARRAY['Вид на море'], NULL),
    ('c0000000-0000-0000-0007-000000000006', 'a0000000-0000-0000-0000-000000000004', NULL,
     'shared', 'apartment', 'Махачкала', 'Университет', 'пр-т Насрутдинова', '18', '54',
     2800000, 40.0, 1, 1, 5, ARRAY['cash','matcapital']::payment_form[], ARRAY['Первый этаж'], NULL),
    ('c0000000-0000-0000-0007-000000000007', 'a0000000-0000-0000-0000-000000000005', NULL,
     'shared', 'apartment', 'Махачкала', 'Центр', 'ул. Коркмасова', '11', '66',
     7500000, 90.0, 4, 9, 14, ARRAY['mortgage','cash','military_mortgage']::payment_form[], ARRAY['Военная ипотека'], NULL),
    ('c0000000-0000-0000-0007-000000000008', 'a0000000-0000-0000-0000-000000000002', NULL,
     'shared', 'apartment', 'Махачкала', 'Горная', 'ул. Казбекская', '14', '3',
     5400000, 72.0, 3, 2, 9, ARRAY['cash','mortgage','trade_in']::payment_form[], ARRAY['Трейд-ин'], NULL),
    ('c0000000-0000-0000-0007-000000000009', 'a0000000-0000-0000-0000-000000000003', NULL,
     'shared', 'apartment', 'Махачкала', 'Дубки', 'ул. Дубовая', '3', '12',
     3500000, 52.0, 2, 3, 5, ARRAY['cash','mortgage']::payment_form[], ARRAY[]::text[], NULL),
    ('c0000000-0000-0000-0007-000000000010', 'a0000000-0000-0000-0000-000000000004', NULL,
     'shared', 'apartment', 'Махачкала', 'Стрелка', 'пр-т Приморский', '5', '28',
     8800000, 105.0, 4, 11, 16, ARRAY['cash','mortgage']::payment_form[], ARRAY['Элитный','Море'], NULL),
    ('c0000000-0000-0000-0007-000000000011', 'a0000000-0000-0000-0000-000000000005', NULL,
     'shared', 'apartment', 'Махачкала', 'Искож', 'мкр. Искож', '9', '21',
     2300000, 33.0, 1, 5, 9, ARRAY['cash','mortgage','matcapital']::payment_form[], ARRAY['Бюджет'], NULL),
    ('c0000000-0000-0000-0007-000000000012', 'a0000000-0000-0000-0000-000000000002', NULL,
     'shared', 'apartment', 'Махачкала', 'Университет', 'ул. Акушинского', '22', '10',
     5700000, 75.0, 3, 7, 10, ARRAY['mortgage','cash','military_mortgage']::payment_form[], ARRAY['Военная ипотека'], NULL),
    ('c0000000-0000-0000-0007-000000000013', 'a0000000-0000-0000-0000-000000000003', NULL,
     'shared', 'apartment', 'Махачкала', 'Центр', 'пр-т Расула Гамзатова', '66', '88',
     6100000, 79.0, 3, 6, 12, ARRAY['cash','mortgage']::payment_form[], ARRAY['Центр города'], NULL);

-- DEMANDS (20 buyer leads)
INSERT INTO demands (
    id, agent_id, buyer_name, buyer_phone,
    budget_min, budget_max, property_type,
    rooms, districts, repair_types, payment_forms,
    area_min, area_max, kanban_status, notes
) VALUES
    ('d0000000-0000-0000-0000-000000000001',
     'a0000000-0000-0000-0000-000000000003', 'Мадина Исаева', '+79289001001',
     3000000, 5000000, 'apartment', ARRAY[2]::smallint[],
     ARRAY['Центр','Горная'], ARRAY['euro','designer']::repair_type[], ARRAY['mortgage','cash']::payment_form[],
     50, 75, 'selection', 'Хочет рядом с работой мужа — ДРСУ на Горной'),

    ('d0000000-0000-0000-0000-000000000002',
     'a0000000-0000-0000-0000-000000000003', 'Артём Новиков', '+79289001002',
     NULL, 3500000, 'apartment', ARRAY[1,2]::smallint[],
     ARRAY['Искож','Дубки','Университет'], ARRAY['no_repair','cosmetic']::repair_type[], ARRAY['cash','mortgage']::payment_form[],
     35, 60, 'qualifying', 'Молодой парень, первое жильё'),

    ('d0000000-0000-0000-0000-000000000003',
     'a0000000-0000-0000-0000-000000000004', 'Хадижат Гаджиева', '+79289001003',
     4000000, 7000000, 'apartment', ARRAY[2,3]::smallint[],
     ARRAY['Центр','Стрелка'], ARRAY['euro','designer']::repair_type[], ARRAY['mortgage','matcapital']::payment_form[],
     60, 90, 'viewings', 'Маткапитал 640 000, банк уже одобрил ипотеку'),

    ('d0000000-0000-0000-0000-000000000004',
     'a0000000-0000-0000-0000-000000000004', 'Расул Байрамов', '+79289001004',
     8000000, 13000000, 'house', ARRAY[]::smallint[],
     ARRAY['Горная','Дубки'], ARRAY[]::repair_type[], ARRAY['cash']::payment_form[],
     150, 250, 'thinking', 'Хочет участок минимум 6 соток, все коммуникации обязательны'),

    ('d0000000-0000-0000-0000-000000000005',
     'a0000000-0000-0000-0000-000000000005', 'Элина Кочеткова', '+79289001005',
     NULL, 4500000, 'apartment', ARRAY[2]::smallint[],
     ARRAY['Центр','Университет'], ARRAY['euro']::repair_type[], ARRAY['cash','mortgage']::payment_form[],
     55, 80, 'new', NULL),

    ('d0000000-0000-0000-0000-000000000006',
     'a0000000-0000-0000-0000-000000000002', 'Магомед Омаров', '+79289001006',
     NULL, 2700000, 'apartment', ARRAY[1]::smallint[],
     ARRAY['Искож','Горная','Дубки'], ARRAY['no_repair','cosmetic']::repair_type[], ARRAY['cash','mortgage','matcapital']::payment_form[],
     30, 50, 'qualifying', 'Пенсионер, маткапитал за дочь'),

    ('d0000000-0000-0000-0000-000000000007',
     'a0000000-0000-0000-0000-000000000002', 'Камилла Абдуллаева', '+79289001007',
     5000000, 9000000, 'apartment', ARRAY[3,4]::smallint[],
     ARRAY['Стрелка','Центр'], ARRAY['designer','euro']::repair_type[], ARRAY['cash','mortgage']::payment_form[],
     70, 120, 'negotiation', 'Смотрела объект #p000...0004, торгуется по цене'),

    ('d0000000-0000-0000-0000-000000000008',
     'a0000000-0000-0000-0000-000000000003', 'Дмитрий Соколов', '+79289001008',
     NULL, 20000000, 'commercial', ARRAY[]::smallint[],
     ARRAY['Центр','Стрелка'], ARRAY[]::repair_type[], ARRAY['cash','installment']::payment_form[],
     100, 300, 'viewings', 'Ищет под ресторан, нужны мокрые точки'),

    ('d0000000-0000-0000-0000-000000000009',
     'a0000000-0000-0000-0000-000000000004', 'Зульфия Нурмагомедова', '+79289001009',
     2000000, 3200000, 'apartment', ARRAY[1,2]::smallint[],
     ARRAY['Горная','Искож','Дубки'], ARRAY['no_repair','cosmetic','euro']::repair_type[], ARRAY['mortgage','military_mortgage']::payment_form[],
     35, 55, 'selection', 'Военная ипотека оформлена'),

    ('d0000000-0000-0000-0000-000000000010',
     'a0000000-0000-0000-0000-000000000005', 'Андрей Петренко', '+79289001010',
     10000000, 16000000, 'house', ARRAY[]::smallint[],
     ARRAY['Университет','Горная'], ARRAY['designer']::repair_type[], ARRAY['cash']::payment_form[],
     200, 300, 'qualifying', 'Переезжает из Москвы, хочет особняк'),

    ('d0000000-0000-0000-0000-000000000011',
     'a0000000-0000-0000-0000-000000000002', 'Фарида Исмаилова', '+79289001011',
     NULL, 4200000, 'apartment', ARRAY[2]::smallint[],
     ARRAY['Дубки','Университет'], ARRAY['euro','cosmetic']::repair_type[], ARRAY['cash','mortgage']::payment_form[],
     50, 70, 'new', NULL),

    ('d0000000-0000-0000-0000-000000000012',
     'a0000000-0000-0000-0000-000000000003', 'Тимур Алибеков', '+79289001012',
     NULL, 5500000, 'new_building', ARRAY[2,3]::smallint[],
     ARRAY['Центр','Стрелка'], ARRAY['new_building_finish']::repair_type[], ARRAY['mortgage','installment']::payment_form[],
     55, 90, 'selection', 'Только новострой, рассрочка от застройщика интересует'),

    ('d0000000-0000-0000-0000-000000000013',
     'a0000000-0000-0000-0000-000000000004', 'Саида Джамалова', '+79289001013',
     1200000, 2500000, 'land', ARRAY[]::smallint[],
     ARRAY['Дубки','Горная'], ARRAY[]::repair_type[], ARRAY['cash']::payment_form[],
     400, 1000, 'thinking', 'Хочет ИЖС, строить будет сама'),

    ('d0000000-0000-0000-0000-000000000014',
     'a0000000-0000-0000-0000-000000000005', 'Гамид Гусейнов', '+79289001014',
     NULL, 6500000, 'apartment', ARRAY[3]::smallint[],
     ARRAY['Центр','Горная','Университет'], ARRAY['euro','designer']::repair_type[], ARRAY['cash','trade_in']::payment_form[],
     65, 90, 'viewings', 'Трейд-ин — меняет двушку'),

    ('d0000000-0000-0000-0000-000000000015',
     'a0000000-0000-0000-0000-000000000002', 'Наида Шахбанова', '+79289001015',
     NULL, 50000, 'rent', ARRAY[2]::smallint[],
     ARRAY['Центр','Стрелка'], ARRAY['euro']::repair_type[], ARRAY['cash']::payment_form[],
     45, 75, 'new', 'Аренда с мебелью, животных нет'),

    ('d0000000-0000-0000-0000-000000000016',
     'a0000000-0000-0000-0000-000000000003', 'Карина Захарова', '+79289001016',
     NULL, 3800000, 'apartment', ARRAY[1,2]::smallint[],
     ARRAY['Стрелка','Центр'], ARRAY['euro','cosmetic']::repair_type[], ARRAY['cash','mortgage']::payment_form[],
     35, 60, 'qualifying', NULL),

    ('d0000000-0000-0000-0000-000000000017',
     'a0000000-0000-0000-0000-000000000004', 'Осман Гаджиев', '+79289001017',
     NULL, 8000000, 'commercial', ARRAY[]::smallint[],
     ARRAY['Центр'], ARRAY[]::repair_type[], ARRAY['cash']::payment_form[],
     150, 400, 'new', 'Под офис или торговлю'),

    ('d0000000-0000-0000-0000-000000000018',
     'a0000000-0000-0000-0000-000000000005', 'Белла Магомедова', '+79289001018',
     3500000, 6000000, 'apartment', ARRAY[2,3]::smallint[],
     ARRAY['Горная','Дубки','Искож'], ARRAY['euro']::repair_type[], ARRAY['mortgage']::payment_form[],
     55, 80, 'selection', 'Ипотека одобрена в Сбербанке на 5.5 млн'),

    ('d0000000-0000-0000-0000-000000000019',
     'a0000000-0000-0000-0000-000000000002', 'Ислам Рамазанов', '+79289001019',
     NULL, 3500000, 'apartment', ARRAY[1]::smallint[],
     ARRAY['Университет','Дубки','Искож'], ARRAY['no_repair','cosmetic']::repair_type[], ARRAY['cash','mortgage']::payment_form[],
     30, 50, 'thinking', NULL),

    ('d0000000-0000-0000-0000-000000000020',
     'a0000000-0000-0000-0000-000000000003', 'Аминат Хасбулатова', '+79289001020',
     NULL, 4800000, 'apartment', ARRAY[2]::smallint[],
     ARRAY['Центр','Стрелка','Горная'], ARRAY['euro','designer']::repair_type[], ARRAY['cash','mortgage','matcapital']::payment_form[],
     55, 75, 'new', NULL);

-- DEALS (5 transactions)
INSERT INTO deals (
    id, demand_id, property_id, is_external_property, external_address,
    deal_price, my_commission, payment_form, status, created_by, notes, closed_at
) VALUES
    ('e0000000-0000-0000-0000-000000000001',
     'd0000000-0000-0000-0000-000000000003', 'c0000000-0000-0000-0001-000000000005',
     FALSE, NULL, 5100000, 153000, 'mortgage', 'closed',
     'a0000000-0000-0000-0000-000000000004',
     'Сделка прошла через ДОМ.РФ. Клиент доволен.',
     NOW() - INTERVAL '15 days'),

    ('e0000000-0000-0000-0000-000000000002',
     'd0000000-0000-0000-0000-000000000008', 'c0000000-0000-0000-0005-000000000003',
     FALSE, NULL, 24500000, 490000, 'cash', 'closed',
     'a0000000-0000-0000-0000-000000000003',
     'Оплата наличными. Нотариус — Гаджиев М.А.',
     NOW() - INTERVAL '3 days'),

    ('e0000000-0000-0000-0000-000000000003',
     'd0000000-0000-0000-0000-000000000007', 'c0000000-0000-0000-0001-000000000004',
     FALSE, NULL, 9200000, 276000, 'cash', 'in_progress',
     'a0000000-0000-0000-0000-000000000002',
     'Аванс внесён. Ждём одобрения ипотеки.', NULL),

    ('e0000000-0000-0000-0000-000000000004',
     NULL, NULL, TRUE,
     'Краснодар, ул. Красная, 14, кв. 7',
     3800000, 114000, 'cash', 'in_progress',
     'a0000000-0000-0000-0000-000000000005',
     'Внешний объект. Коллаборация с краснодарским агентством.', NULL),

    ('e0000000-0000-0000-0000-000000000005',
     'd0000000-0000-0000-0000-000000000004', 'c0000000-0000-0000-0003-000000000001',
     FALSE, NULL, 11800000, 354000, 'mortgage', 'in_progress',
     'a0000000-0000-0000-0000-000000000002',
     'На этапе оценки банком.', NULL);

-- COMMISSION SPLITS
INSERT INTO commission_splits (deal_id, partner_name, partner_agent_id, split_amount, split_percent, notes) VALUES
    ('e0000000-0000-0000-0000-000000000002',
     'Марат Гасанов', 'a0000000-0000-0000-0000-000000000004',
     122500, 25.0, 'Привёл клиента'),

    ('e0000000-0000-0000-0000-000000000004',
     'Краснодар Недвижимость', NULL,
     57000, 50.0, 'Агентство партнёр из Краснодара'),

    ('e0000000-0000-0000-0000-000000000005',
     'Айша Омарова', 'a0000000-0000-0000-0000-000000000005',
     70800, 20.0, 'Показы объекта');

-- TASKS
INSERT INTO tasks (demand_id, agent_id, title, due_at) VALUES
    ('d0000000-0000-0000-0000-000000000003', 'a0000000-0000-0000-0000-000000000004',
     'Перезвонить Хадижат по результатам просмотра', NOW() + INTERVAL '1 day'),
    ('d0000000-0000-0000-0000-000000000007', 'a0000000-0000-0000-0000-000000000002',
     'Отправить Камилле встречное предложение по цене', NOW() + INTERVAL '2 hours'),
    ('d0000000-0000-0000-0000-000000000004', 'a0000000-0000-0000-0000-000000000004',
     'Согласовать просмотр дома для Расула', NOW() + INTERVAL '3 days');

-- ACTIVITY LOGS
INSERT INTO activity_logs (demand_id, agent_id, activity_type, body) VALUES
    ('d0000000-0000-0000-0000-000000000003', 'a0000000-0000-0000-0000-000000000004', 'call',    'Обсудили вариант на Коркмасова. Клиент доволен площадью, но хочет снизить цену.'),
    ('d0000000-0000-0000-0000-000000000003', 'a0000000-0000-0000-0000-000000000004', 'viewing',  'Показ объекта на ул. Коркмасова. Клиент взял время подумать до пятницы.'),
    ('d0000000-0000-0000-0000-000000000007', 'a0000000-0000-0000-0000-000000000002', 'note',     'Камилла готова к сделке при снижении на 300 000 р. Собственник пока не согласен.'),
    ('d0000000-0000-0000-0000-000000000001', 'a0000000-0000-0000-0000-000000000003', 'call',     'Первичный звонок. Уточнили бюджет и предпочтения по этажу.'),
    ('d0000000-0000-0000-0000-000000000012', 'a0000000-0000-0000-0000-000000000003', 'viewing',  'Показ ЖК Парус. Тимур заинтересован, запросил рассрочку от застройщика.');
