-- ────────────────────────────────────────────────────────────────────────────
-- 006: Replace demo data with real client/property database (Нальчик, КБР)
-- Source: Астемир's client notebook
-- Login credentials UNCHANGED: admin@esta.ru / Password123!
-- ────────────────────────────────────────────────────────────────────────────

-- ── 1. Clear old seed data ────────────────────────────────────────────────────
DELETE FROM commission_splits;
DELETE FROM activity_logs;
DELETE FROM tasks;
DELETE FROM demand_property_matches;
DELETE FROM price_drop_events;
DELETE FROM deals;
DELETE FROM demands;
DELETE FROM property_photos;
DELETE FROM complex_photos;
DELETE FROM properties;
DELETE FROM residential_complexes;
DELETE FROM owners;
-- users and agencies are preserved (login credentials unchanged)

-- ── 2. Real residential complexes (ЖК) ───────────────────────────────────────
INSERT INTO residential_complexes (id, name, developer, district, address, year_delivery, total_floors, class, description, created_by) VALUES
    ('f0000000-0000-0000-0001-000000000001', 'ЖК Небо',           NULL, 'Горная',       'ул. Тарчокова 52',       2023, 21, 'comfort',  'Современный жилой комплекс в горной части города. 21 этаж.',           'a0000000-0000-0000-0000-000000000001'),
    ('f0000000-0000-0000-0001-000000000002', 'ЖК Горный Сити',    NULL, 'Горная',       'ул. Тлостанова',         2024, NULL, 'comfort', 'Крупный ЖК на ул. Тлостанова. Несколько корпусов/блоков.',             'a0000000-0000-0000-0000-000000000001'),
    ('f0000000-0000-0000-0001-000000000003', 'ЖК Квартал',        NULL, 'Горная',       NULL,                     2025, 6, 'comfort',   NULL,                                                                   'a0000000-0000-0000-0000-000000000001'),
    ('f0000000-0000-0000-0001-000000000004', 'ЖК Голден Сити',    NULL, 'Горная',       NULL,                     2024, 10, 'comfort',  NULL,                                                                   'a0000000-0000-0000-0000-000000000001'),
    ('f0000000-0000-0000-0001-000000000005', 'ЖК Столица 1',      NULL, 'Центр',        NULL,                     2024, 10, 'business', NULL,                                                                   'a0000000-0000-0000-0000-000000000001'),
    ('f0000000-0000-0000-0001-000000000006', 'ЖК Грин Пик',       NULL, 'Горная',       NULL,                     2025, 7, 'comfort',   NULL,                                                                   'a0000000-0000-0000-0000-000000000001'),
    ('f0000000-0000-0000-0001-000000000007', 'ЖК Высота',         NULL, 'Горная',       NULL,                     2023, 13, 'comfort',  NULL,                                                                   'a0000000-0000-0000-0000-000000000001'),
    ('f0000000-0000-0000-0001-000000000008', 'ЖК Премьера 1',     NULL, 'Горная',       NULL,                     2023, 10, 'comfort',  NULL,                                                                   'a0000000-0000-0000-0000-000000000001'),
    ('f0000000-0000-0000-0001-000000000009', 'ЖК Долина Кавказа', NULL, 'Университет',  'ул. Шогенова 55к51',     2023, 4,  'business', '4-этажный комплекс на ул. Шогенова.',                                  'a0000000-0000-0000-0000-000000000001'),
    ('f0000000-0000-0000-0001-000000000010', 'ЖК Эсфера Сити',    NULL, 'Горная',       NULL,                     2024, 10, 'business', NULL,                                                                   'a0000000-0000-0000-0000-000000000001'),
    ('f0000000-0000-0000-0001-000000000011', 'ЖК Н-Сити',         NULL, 'Горная',       NULL,                     2025, NULL, 'comfort', NULL,                                                                  'a0000000-0000-0000-0000-000000000001'),
    ('f0000000-0000-0000-0001-000000000012', 'ЖК Центральный',    NULL, 'Центр',        NULL,                     2025, NULL, 'business', NULL,                                                                 'a0000000-0000-0000-0000-000000000001');

-- ── 3. Owners (реальные продавцы из базы) ─────────────────────────────────────
INSERT INTO owners (id, full_name, phone, notes, created_by) VALUES
    ('b0000000-0000-0000-0000-000000000001', 'Дарья',     '+79604224067', '1-к ЖК Небо, 60.13м², 12/21 эт, Тарчокова 52',                    'a0000000-0000-0000-0000-000000000003'),
    ('b0000000-0000-0000-0000-000000000002', 'Анжелика',  '+79280782930', '2-к вторичка Кулиева 20А, 55кв, 4/6 эт, косм. ремонт',             'a0000000-0000-0000-0000-000000000003'),
    ('b0000000-0000-0000-0000-000000000003', 'Аслан',     '+79674284007', '2-к ЖК Долина Кавказа, 64кв+мансарда, 4/4 эт',                    'a0000000-0000-0000-0000-000000000004'),
    ('b0000000-0000-0000-0000-000000000004', 'Джамиля',   '+79289120912', '2-к вторичка Тельмана 2, 44кв, 2/5 эт, район Стрелка',             'a0000000-0000-0000-0000-000000000004'),
    ('b0000000-0000-0000-0000-000000000005', 'Костя',     '+79280777200', '1-к ЖК Столица 1, кв.273, 10/10 эт, без отделки',                  'a0000000-0000-0000-0000-000000000002'),
    ('b0000000-0000-0000-0000-000000000006', 'Азамат',    '+79280769567', '1-к ЖК Грин Пик, 42.5м², 1/7 эт, без отделки',                    'a0000000-0000-0000-0000-000000000002'),
    ('b0000000-0000-0000-0000-000000000007', 'Миша',      '+79289107575', 'Коммерция ЖК Горный Сити, 60м², окна на Тлостанова',               'a0000000-0000-0000-0000-000000000005'),
    ('b0000000-0000-0000-0000-000000000008', 'Зоя',       '+79604316670', 'Дом Чкалова 66, 44кв, хороший ремонт',                             'a0000000-0000-0000-0000-000000000005'),
    ('b0000000-0000-0000-0000-000000000009', 'Беслан',    '+79654972215', '1-к ЖК Голден Сити, 45кв, 4 эт',                                   'a0000000-0000-0000-0000-000000000003'),
    ('b0000000-0000-0000-0000-000000000010', 'Мелина',    '+79674154595', '1-к ЖК Высота, 38кв, 11/13 эт',                                    'a0000000-0000-0000-0000-000000000003'),
    ('b0000000-0000-0000-0000-000000000011', 'Александр', '+79674157106', '1-к вторичка Байсулт.9, 29кв, 4/5 эт',                             'a0000000-0000-0000-0000-000000000004'),
    ('b0000000-0000-0000-0000-000000000012', 'Жанна',     '+79672220121', '1-к Надречная 128А, 30.3кв, 1/4 эт',                               'a0000000-0000-0000-0000-000000000004'),
    ('b0000000-0000-0000-0000-000000000013', 'Мазиля',    '+79286912605', '1-к ЖК Премьера 1, 51м², 2/10 эт',                                 'a0000000-0000-0000-0000-000000000002'),
    ('b0000000-0000-0000-0000-000000000014', 'Рустам',    '+79380780007', '1-к ЖК Голден Сити, 10/10 эт, голые стены',                        'a0000000-0000-0000-0000-000000000002'),
    ('b0000000-0000-0000-0000-000000000015', 'Ира',       '+79269827177', '2-к ЖК Горный Сити, 74.6м², 5 эт, блок 5, окна во двор',           'a0000000-0000-0000-0000-000000000005'),
    ('b0000000-0000-0000-0000-000000000016', 'Надежда',   '+79054357265', '3-к Идарова 211, 55.8м², 4/5 эт',                                  'a0000000-0000-0000-0000-000000000003'),
    ('b0000000-0000-0000-0000-000000000017', 'Ирина',     '+79287177371', '2-к вторичка Ленина 63, 41.5м², 1/2 эт, ипотека',                  'a0000000-0000-0000-0000-000000000003'),
    ('b0000000-0000-0000-0000-000000000018', 'Залина',    '+79225622333', 'Участок Чегем ул. Кудаева, кад. 07:08:0101073:23, 8 сот',           'a0000000-0000-0000-0000-000000000004'),
    ('b0000000-0000-0000-0000-000000000019', 'Тимур',     '+79289163330', 'Коммерция 100кв + участок 5 сот, угол Мальбахова/Лазо',             'a0000000-0000-0000-0000-000000000005'),
    ('b0000000-0000-0000-0000-000000000020', 'Лида',      '+79633910291', 'Участок 20 сот в Шалушке',                                          'a0000000-0000-0000-0000-000000000005'),
    ('b0000000-0000-0000-0000-000000000021', 'Марина',    '+79254344668', '1-к 7 мкр',                                                         'a0000000-0000-0000-0000-000000000002'),
    ('b0000000-0000-0000-0000-000000000022', 'Аскер',     '+79287063025', '1-к ЖК Эсфера Сити корп.Б3, 39кв, 6/10 эт, голые стены',           'a0000000-0000-0000-0000-000000000003'),
    ('b0000000-0000-0000-0000-000000000023', 'Алим',      '+79604238649', '1-к ЖК Квартал, 38м², 5/6 эт, голые стены',                        'a0000000-0000-0000-0000-000000000004'),
    ('b0000000-0000-0000-0000-000000000024', 'Залина В',  '+79604251071', 'Участок Чегем ул. Надречная 146, 8 сот, с коммуникациями',          'a0000000-0000-0000-0000-000000000004'),
    ('b0000000-0000-0000-0000-000000000025', 'Аслан Б',   '+79287243560', 'Участок на Биттирова, кад. 07:09:0100000:27843',                    'a0000000-0000-0000-0000-000000000005');

-- ── 4. Properties (реальные объекты) ─────────────────────────────────────────
INSERT INTO properties (
    id, owner_agent_id, owner_id, visibility_status, property_type,
    city, district, street, house_number, apartment_number,
    price, area_sqm, rooms, floor, floor_total,
    conditions, tags, description, complex_id
) VALUES

-- === НОВОСТРОИ ===

-- Дарья: 1-к ЖК Небо, 60.13м², 12/21 эт, Тарчокова 52
('c0000000-0000-0000-0001-000000000001',
 'a0000000-0000-0000-0000-000000000003', 'b0000000-0000-0000-0000-000000000001',
 'public', 'new_building', 'Нальчик', 'Горная', 'ул. Тарчокова', '52', NULL,
 3700000, 60.13, 1, 12, 21,
 ARRAY['cash','mortgage','installment']::payment_form[],
 ARRAY['ЖК Небо','Высокий этаж'],
 '1-комнатная квартира в ЖК Небо, 60.13м². 12 этаж из 21. Современный дом, хорошая инфраструктура.',
 'f0000000-0000-0000-0001-000000000001'),

-- Аслан: 2-к ЖК Долина Кавказа, 64кв+мансарда, 4/4 эт
('c0000000-0000-0000-0001-000000000002',
 'a0000000-0000-0000-0000-000000000004', 'b0000000-0000-0000-0000-000000000003',
 'public', 'new_building', 'Нальчик', 'Университет', 'ул. Шогенова', '55к51', NULL,
 4450000, 128.0, 2, 4, 4,
 ARRAY['cash','mortgage']::payment_form[],
 ARRAY['ЖК Долина Кавказа','Мансарда','Последний этаж'],
 '2-комнатная квартира + мансарда в ЖК Долина Кавказа. Квартира 64м² + мансарда. Корпус Шогенова 55к51. Последний 4-й этаж.',
 'f0000000-0000-0000-0001-000000000009'),

-- Костя: 1-к ЖК Столица 1, 10/10 эт, без отделки, кв.273
('c0000000-0000-0000-0001-000000000003',
 'a0000000-0000-0000-0000-000000000002', 'b0000000-0000-0000-0000-000000000005',
 'shared', 'new_building', 'Нальчик', 'Центр', 'ЖК Столица 1', NULL, '273',
 2579000, NULL, 1, 10, 10,
 ARRAY['cash','mortgage','installment']::payment_form[],
 ARRAY['ЖК Столица 1','Без отделки','Последний этаж'],
 '1-комнатная квартира №273 в ЖК Столица 1. 4-й подъезд. 10/10 этаж. Без отделки.',
 'f0000000-0000-0000-0001-000000000005'),

-- Азамат: 1-к ЖК Грин Пик, 42.5м², 1/7 эт, без отделки
('c0000000-0000-0000-0001-000000000004',
 'a0000000-0000-0000-0000-000000000002', 'b0000000-0000-0000-0000-000000000006',
 'shared', 'new_building', 'Нальчик', 'Горная', 'ЖК Грин Пик', NULL, NULL,
 2780000, 42.5, 1, 1, 7,
 ARRAY['cash','mortgage','installment','matcapital']::payment_form[],
 ARRAY['ЖК Грин Пик','Без отделки','Первый этаж'],
 '1-комнатная квартира в ЖК Грин Пик. Площадь 42.5м². 1/7 этаж. Без отделки. Окна на улицу.',
 'f0000000-0000-0000-0001-000000000006'),

-- Беслан: 1-к ЖК Голден Сити, 45кв, 4 эт
('c0000000-0000-0000-0001-000000000005',
 'a0000000-0000-0000-0000-000000000003', 'b0000000-0000-0000-0000-000000000009',
 'shared', 'new_building', 'Нальчик', 'Горная', 'ЖК Голден Сити', NULL, NULL,
 3500000, 45.0, 1, 4, NULL,
 ARRAY['cash','mortgage']::payment_form[],
 ARRAY['ЖК Голден Сити'],
 '1-комнатная квартира в ЖК Голден Сити. Площадь 45м². 4-й этаж.',
 'f0000000-0000-0000-0001-000000000004'),

-- Мелина: 1-к ЖК Высота, 38кв, 11/13 эт
('c0000000-0000-0000-0001-000000000006',
 'a0000000-0000-0000-0000-000000000003', 'b0000000-0000-0000-0000-000000000010',
 'shared', 'new_building', 'Нальчик', 'Горная', 'ЖК Высота', NULL, NULL,
 2050000, 38.0, 1, 11, 13,
 ARRAY['cash','mortgage']::payment_form[],
 ARRAY['ЖК Высота','Высокий этаж'],
 '1-комнатная квартира в ЖК Высота. 38м². Высокий этаж 11/13.',
 'f0000000-0000-0000-0001-000000000007'),

-- Мазиля: 1-к ЖК Премьера 1, 51м², 2/10 эт
('c0000000-0000-0000-0001-000000000007',
 'a0000000-0000-0000-0000-000000000002', 'b0000000-0000-0000-0000-000000000013',
 'shared', 'new_building', 'Нальчик', 'Горная', 'ЖК Премьера 1', NULL, NULL,
 3700000, 51.0, 1, 2, 10,
 ARRAY['cash','mortgage']::payment_form[],
 ARRAY['ЖК Премьера 1'],
 '1-комнатная квартира в ЖК Премьера 1. 51м². 2/10 этаж. Подъезд 6.',
 'f0000000-0000-0000-0001-000000000008'),

-- Рустам: 1-к ЖК Голден Сити, 10/10 эт, голые стены
('c0000000-0000-0000-0001-000000000008',
 'a0000000-0000-0000-0000-000000000002', 'b0000000-0000-0000-0000-000000000014',
 'shared', 'new_building', 'Нальчик', 'Горная', 'ЖК Голден Сити', NULL, NULL,
 3300000, NULL, 1, 10, 10,
 ARRAY['cash','mortgage']::payment_form[],
 ARRAY['ЖК Голден Сити','Голые стены','Последний этаж'],
 '1-комнатная квартира в ЖК Голден Сити. Последний 10/10 этаж. Голые стены.',
 'f0000000-0000-0000-0001-000000000004'),

-- Ира: 2-к ЖК Горный Сити, 74.6м², 5 эт, блок 5
('c0000000-0000-0000-0001-000000000009',
 'a0000000-0000-0000-0000-000000000005', 'b0000000-0000-0000-0000-000000000015',
 'shared', 'new_building', 'Нальчик', 'Горная', 'ул. Тлостанова', NULL, NULL,
 6000000, 74.6, 2, 5, NULL,
 ARRAY['cash','mortgage']::payment_form[],
 ARRAY['ЖК Горный Сити','Блок 5','Окна во двор'],
 '2-комнатная квартира в ЖК Горный Сити. 74.6м². 5-й этаж, блок 5. Окна во двор.',
 'f0000000-0000-0000-0001-000000000002'),

-- Аскер: 1-к ЖК Эсфера Сити, корп.Б3, 39кв, 6/10 эт
('c0000000-0000-0000-0001-000000000010',
 'a0000000-0000-0000-0000-000000000003', 'b0000000-0000-0000-0000-000000000022',
 'shared', 'new_building', 'Нальчик', 'Горная', 'ЖК Эсфера Сити', NULL, NULL,
 3900000, 39.0, 1, 6, 10,
 ARRAY['cash','mortgage']::payment_form[],
 ARRAY['ЖК Эсфера Сити','Корпус Б3','Голые стены'],
 '1-комнатная квартира в ЖК Эсфера Сити, корпус Б3. 39кв.м. 6/10 этаж. Окна на галерею. Голые стены.',
 'f0000000-0000-0000-0001-000000000010'),

-- Алим: 1-к ЖК Квартал, 38м², 5/6 эт, голые стены
('c0000000-0000-0000-0001-000000000011',
 'a0000000-0000-0000-0000-000000000004', 'b0000000-0000-0000-0000-000000000023',
 'shared', 'new_building', 'Нальчик', 'Горная', 'ЖК Квартал', NULL, NULL,
 3400000, 38.0, 1, 5, 6,
 ARRAY['cash','mortgage']::payment_form[],
 ARRAY['ЖК Квартал','Голые стены'],
 '1-комнатная квартира в ЖК Квартал. 38м². 5/6 этаж. Голые стены.',
 'f0000000-0000-0000-0001-000000000003'),

-- === ВТОРИЧКА ===

-- Анжелика: 2-к вторичка, Кулиева 20А, 55кв, 4/6 эт, косм. ремонт
('c0000000-0000-0000-0002-000000000001',
 'a0000000-0000-0000-0000-000000000003', 'b0000000-0000-0000-0000-000000000002',
 'public', 'apartment', 'Нальчик', 'Центр', 'ул. Кулиева', '20А', NULL,
 6300000, 55.0, 2, 4, 6,
 ARRAY['cash','mortgage','installment','matcapital']::payment_form[],
 ARRAY['Хороший ремонт','Как новая'],
 '2-комнатная квартира (вторичка). Очень хороший косметический ремонт (делали для себя). В квартире никто не проживал — состояние как новое. Без долгов и обременений. Проходят все виды оплат.',
 NULL),

-- Джамиля: 2-к вторичка, Тельмана 2, 44кв, 2/5 эт, район Стрелка
('c0000000-0000-0000-0002-000000000002',
 'a0000000-0000-0000-0000-000000000004', 'b0000000-0000-0000-0000-000000000004',
 'public', 'apartment', 'Нальчик', 'Стрелка', 'ул. Тельмана', '2', NULL,
 4000000, 44.0, 2, 2, 5,
 ARRAY['cash','mortgage','matcapital']::payment_form[],
 ARRAY['Вторичка','Район Стрелка'],
 '2-комнатная квартира, район Стрелка (ул. Тельмана 2). Рядом 7-я школа, садик, медколледж. Маршруты 13, 18, 7, 33, 1. Комнаты смежные. 2 подвала. Кухня с техникой остаётся. Один собственник, без долгов и обременений.',
 NULL),

-- Александр: 1-к вторичка, Байсулт.9, 29кв, 4/5 эт
('c0000000-0000-0000-0002-000000000003',
 'a0000000-0000-0000-0000-000000000004', 'b0000000-0000-0000-0000-000000000011',
 'shared', 'apartment', 'Нальчик', 'Центр', 'ул. Байсултанова', '9', NULL,
 3000000, 29.0, 1, 4, 5,
 ARRAY['cash','mortgage','matcapital']::payment_form[],
 ARRAY['Вторичка'],
 '1-комнатная квартира (вторичка). ул. Байсултанова 9. 29м². 4/5 этаж.',
 NULL),

-- Жанна: 1-к, Надречная 128А, 30.3кв, 1/4 эт
('c0000000-0000-0000-0002-000000000004',
 'a0000000-0000-0000-0000-000000000004', 'b0000000-0000-0000-0000-000000000012',
 'shared', 'apartment', 'Нальчик', 'Стрелка', 'ул. Надречная', '128А', NULL,
 1900000, 30.3, 1, 1, 4,
 ARRAY['cash','mortgage','matcapital']::payment_form[],
 ARRAY['Вторичка','Первый этаж','Бюджет'],
 '1-комнатная квартира на ул. Надречная 128А. 30.3м². 1/4 этаж.',
 NULL),

-- Надежда: 3-к, Идарова 211, 55.8м², 4/5 эт
('c0000000-0000-0000-0002-000000000005',
 'a0000000-0000-0000-0000-000000000003', 'b0000000-0000-0000-0000-000000000016',
 'shared', 'apartment', 'Нальчик', 'Центр', 'ул. Идарова', '211', NULL,
 5500000, 55.8, 3, 4, 5,
 ARRAY['cash','mortgage','matcapital']::payment_form[],
 ARRAY['Вторичка'],
 '3-комнатная квартира (вторичка). ул. Идарова 211. 55.8м². 4/5 этаж.',
 NULL),

-- Ирина: 2-к вторичка, Ленина 63, 41.5м², 1/2 эт
('c0000000-0000-0000-0002-000000000006',
 'a0000000-0000-0000-0000-000000000003', 'b0000000-0000-0000-0000-000000000017',
 'shared', 'apartment', 'Нальчик', 'Центр', 'ул. Ленина', '63', NULL,
 5400000, 41.5, 2, 1, 2,
 ARRAY['cash','mortgage']::payment_form[],
 ARRAY['Вторичка','Первый этаж','Мебель'],
 '2-комнатная квартира (вторичка). ул. Ленина 63. 41.5м². 1/2 этаж. Проходит ипотека. Мебель частично.',
 NULL),

-- Марина: 1-к, 7 мкр
('c0000000-0000-0000-0002-000000000007',
 'a0000000-0000-0000-0000-000000000002', 'b0000000-0000-0000-0000-000000000021',
 'shared', 'apartment', 'Нальчик', 'Дубки', '7 мкр', NULL, NULL,
 3200000, NULL, 1, NULL, NULL,
 ARRAY['cash','mortgage']::payment_form[],
 ARRAY['Вторичка','7 мкр'],
 '1-комнатная квартира в 7-м микрорайоне.',
 NULL),

-- === ДОМ ===

-- Зоя: Дом ул. Чкалова 66, 44кв, хороший ремонт
('c0000000-0000-0000-0003-000000000001',
 'a0000000-0000-0000-0000-000000000005', 'b0000000-0000-0000-0000-000000000008',
 'public', 'house', 'Нальчик', 'Центр', 'ул. Чкалова', '66', NULL,
 4600000, 44.0, NULL, NULL, NULL,
 ARRAY['cash','mortgage']::payment_form[],
 ARRAY['Дом','Хороший ремонт'],
 'Дом (бывший барак) с очень хорошим чётким ремонтом на ул. Чкалова 66. Площадь 44кв.м.',
 NULL),

-- === УЧАСТКИ ===

-- Залина: Участок Чегем, ул. Надречная 146, 8 сот
('c0000000-0000-0000-0004-000000000001',
 'a0000000-0000-0000-0000-000000000004', 'b0000000-0000-0000-0000-000000000024',
 'shared', 'land', 'Чегем', 'Дубки', 'ул. Надречная', '146', NULL,
 2300000, 800.0, NULL, NULL, NULL,
 ARRAY['cash','mortgage']::payment_form[],
 ARRAY['Участок','Коммуникации есть','Чегем'],
 'Участок 8 соток в Чегеме, ул. Надречная 146. Коммуникации есть. Документы в порядке. Жилая улица.',
 NULL),

-- Залина: Участок Чегем, ул. Кудаева, кад. 07:08:0101073:23
('c0000000-0000-0000-0004-000000000002',
 'a0000000-0000-0000-0000-000000000004', 'b0000000-0000-0000-0000-000000000018',
 'shared', 'land', 'Чегем', 'Дубки', 'ул. Кудаева', NULL, NULL,
 1500000, NULL, NULL, NULL, NULL,
 ARRAY['cash','matcapital']::payment_form[],
 ARRAY['Участок','Чегем'],
 'Земельный участок в Чегеме, ул. Кудаева. Кадастровый номер: 07:08:0101073:23.',
 NULL),

-- Аслан Б: Участок на Биттирова, кад. 07:09:0100000:27843
('c0000000-0000-0000-0004-000000000003',
 'a0000000-0000-0000-0000-000000000005', 'b0000000-0000-0000-0000-000000000025',
 'shared', 'land', 'Нальчик', 'Центр', 'ул. Биттирова', NULL, NULL,
 0, NULL, NULL, NULL, NULL,
 ARRAY['cash']::payment_form[],
 ARRAY['Участок','Биттирова','Цена договорная'],
 'Земельный участок на ул. Биттирова. Кадастровый номер: 07:09:0100000:27843. Цена договорная.',
 NULL),

-- Лида: Участок 20 сот в Шалушке
('c0000000-0000-0000-0004-000000000004',
 'a0000000-0000-0000-0000-000000000005', 'b0000000-0000-0000-0000-000000000020',
 'shared', 'land', 'Шалушка', 'Дубки', 'Шалушка', NULL, NULL,
 0, 2000.0, NULL, NULL, NULL,
 ARRAY['cash']::payment_form[],
 ARRAY['Участок','Шалушка','Цена договорная'],
 'Земельный участок 20 соток в Шалушке. Недалеко от вокзала. Цена договорная.',
 NULL),

-- === КОММЕРЦИЯ ===

-- Миша: Коммерция ЖК Горный Сити, 60м²
('c0000000-0000-0000-0005-000000000001',
 'a0000000-0000-0000-0000-000000000005', 'b0000000-0000-0000-0000-000000000007',
 'public', 'commercial', 'Нальчик', 'Горная', 'ул. Тлостанова', NULL, NULL,
 6300000, 60.0, NULL, NULL, NULL,
 ARRAY['cash','installment']::payment_form[],
 ARRAY['ЖК Горный Сити','Коммерция'],
 'Коммерческое помещение в ЖК Горный Сити. 60м². Окна на ул. Тлостанова. Перегородки стоят. Все коммуникации введены. Труб по середине нет.',
 'f0000000-0000-0000-0001-000000000002'),

-- Тимур: Коммерция 100кв + участок 5 сот, угол Мальбахова/Лазо
('c0000000-0000-0000-0005-000000000002',
 'a0000000-0000-0000-0000-000000000005', 'b0000000-0000-0000-0000-000000000019',
 'shared', 'commercial', 'Нальчик', 'Центр', 'ул. Мальбахова', NULL, NULL,
 17000000, 100.0, NULL, NULL, NULL,
 ARRAY['cash']::payment_form[],
 ARRAY['Коммерция','Участок','Угол улиц'],
 'Коммерческое помещение 100м² + земельный участок 5 соток на углу ул. Мальбахова / Лазо.',
 NULL);

-- ── 5. Demands (активные покупатели) ────────────────────────────────────────
INSERT INTO demands (
    id, agent_id, buyer_name, buyer_phone,
    budget_min, budget_max, property_type,
    rooms, districts, repair_types, payment_forms,
    area_min, area_max, kanban_status, notes
) VALUES

('d0000000-0000-0000-0000-000000000001',
 'a0000000-0000-0000-0000-000000000003', 'Ислам', '+79604308582',
 NULL, 5000000, 'new_building', ARRAY[2]::smallint[],
 ARRAY['Горная'], ARRAY[]::repair_type[], ARRAY['cash','mortgage']::payment_form[],
 NULL, NULL, 'selection',
 'Ищет двушку на горной. Сдача не позже этого года. Рассмотрит строящийся если сдача в ближайшие месяцы'),

('d0000000-0000-0000-0000-000000000002',
 'a0000000-0000-0000-0000-000000000003', 'Диана', '+79287124444',
 NULL, 4500000, 'new_building', ARRAY[1]::smallint[],
 ARRAY['Горная','Центр','Университет'], ARRAY[]::repair_type[], ARRAY['installment']::payment_form[],
 NULL, NULL, 'qualifying',
 'Ищет 1-к в рассрочку. ПВ 1млн. На горной, центре или универе'),

('d0000000-0000-0000-0000-000000000003',
 'a0000000-0000-0000-0000-000000000004', 'Наталья', '+79287007808',
 NULL, 2300000, 'new_building', ARRAY[1]::smallint[],
 ARRAY['Горная'], ARRAY[]::repair_type[], ARRAY['cash','mortgage']::payment_form[],
 NULL, NULL, 'viewings',
 'Покупает 1-к в ЖК Небо. До 2300тыс. Уже смотрела'),

('d0000000-0000-0000-0000-000000000004',
 'a0000000-0000-0000-0000-000000000004', 'Аксана', '+79654953604',
 NULL, 9000000, 'apartment', ARRAY[3]::smallint[],
 ARRAY['Центр','Горная','Университет'], ARRAY[]::repair_type[], ARRAY['mortgage','matcapital']::payment_form[],
 NULL, NULL, 'qualifying',
 'Трёшку или дом или таунхаус в семейную ипотеку. ПВ 2млн нал + маткапитал'),

('d0000000-0000-0000-0000-000000000005',
 'a0000000-0000-0000-0000-000000000002', 'Жанна', '+79280847998',
 NULL, 4500000, 'new_building', ARRAY[1]::smallint[],
 ARRAY['Горная','Центр','Университет'], ARRAY[]::repair_type[], ARRAY['mortgage','matcapital']::payment_form[],
 NULL, NULL, 'new',
 'Хочет 1-к по семейной ипотеке в сданном доме. Ждём одобрения'),

('d0000000-0000-0000-0000-000000000006',
 'a0000000-0000-0000-0000-000000000002', 'Рая', '+79280833163',
 NULL, 6000000, 'apartment', ARRAY[2]::smallint[],
 ARRAY['Горная','Университет'], ARRAY['cosmetic','euro']::repair_type[], ARRAY['mortgage','matcapital']::payment_form[],
 NULL, NULL, 'selection',
 'Ищет 2-к вторичку на горной или универе в ипотеку. Наличных 3млн + маткапитал 728тыс'),

('d0000000-0000-0000-0000-000000000007',
 'a0000000-0000-0000-0000-000000000003', 'Алина', '+79232660607',
 NULL, 3700000, 'new_building', ARRAY[1]::smallint[],
 ARRAY['Горная','Университет'], ARRAY['no_repair']::repair_type[], ARRAY['cash','mortgage']::payment_form[],
 NULL, NULL, 'selection',
 'Ищет 1-к в сданном доме на горной или универе без ремонта. До 3700тыс'),

('d0000000-0000-0000-0000-000000000008',
 'a0000000-0000-0000-0000-000000000003', 'Лариса', '+79380804000',
 NULL, 8000000, 'new_building', ARRAY[1]::smallint[],
 ARRAY['Центр','Горная'], ARRAY[]::repair_type[], ARRAY['cash','mortgage']::payment_form[],
 NULL, NULL, 'qualifying',
 'Ищет 2 однушки в Театральном или другом хорошем сданном доме. Или в ЖК Академии/Федерации Голд'),

('d0000000-0000-0000-0000-000000000009',
 'a0000000-0000-0000-0000-000000000004', 'Милана', '+79640417776',
 NULL, 4500000, 'new_building', ARRAY[1]::smallint[],
 ARRAY['Горная','Центр'], ARRAY[]::repair_type[], ARRAY['installment']::payment_form[],
 NULL, NULL, 'qualifying',
 'Хочет рассрочку на 1-к. Сдача не позже 2027 года. ПВ 1млн'),

('d0000000-0000-0000-0000-000000000010',
 'a0000000-0000-0000-0000-000000000002', 'Асхат', '+79889274688',
 NULL, 5000000, 'new_building', ARRAY[1]::smallint[],
 ARRAY['Горная'], ARRAY[]::repair_type[], ARRAY['installment']::payment_form[],
 NULL, NULL, 'new',
 'Хочет рассрочку на горной. ПВ 1500тыс. Ежемес. платёж 50-60тыс'),

('d0000000-0000-0000-0000-000000000011',
 'a0000000-0000-0000-0000-000000000005', 'Соня', '+79287149143',
 NULL, 3000000, 'apartment', ARRAY[1]::smallint[],
 ARRAY['Центр','Горная','Стрелка'], ARRAY['cosmetic']::repair_type[], ARRAY['cash']::payment_form[],
 33, NULL, 'selection',
 'Ищет 1-к вторичку не меньше 33кв. Туалет, душ и плита обязательно. Сиротский сертификат'),

('d0000000-0000-0000-0000-000000000012',
 'a0000000-0000-0000-0000-000000000005', 'Елена', '+79640410841',
 NULL, 6500000, 'new_building', ARRAY[1,2]::smallint[],
 ARRAY['Горная','Центр'], ARRAY['no_repair']::repair_type[], ARRAY['cash','mortgage']::payment_form[],
 NULL, NULL, 'viewings',
 '1-к до 5100 или 2-к с черновыми до 6500. Горная, Атажукина, Московская. Нравился дом на Московской 3-а'),

('d0000000-0000-0000-0000-000000000013',
 'a0000000-0000-0000-0000-000000000002', 'Ирина', '+79187248197',
 NULL, 5700000, 'apartment', ARRAY[1]::smallint[],
 ARRAY['Горная','Центр','Университет'], ARRAY['euro','cosmetic']::repair_type[], ARRAY['mortgage','cash']::payment_form[],
 NULL, NULL, 'selection',
 '1-к с ремонтом в ипотеку: 3700 нал + 2млн ипотека (одобрена, 1 мес.). Рассмотрит 1-к без ремонта до 4млн'),

('d0000000-0000-0000-0000-000000000014',
 'a0000000-0000-0000-0000-000000000004', 'Надежда', '+79889210640',
 NULL, 2600000, 'new_building', ARRAY[1]::smallint[],
 ARRAY['Горная'], ARRAY[]::repair_type[], ARRAY['cash','mortgage']::payment_form[],
 NULL, NULL, 'thinking',
 'Хочет купить квартиру в новостройке. Интересовалась ЖК Небо и ЖК Высота. До 2600тыс'),

('d0000000-0000-0000-0000-000000000015',
 'a0000000-0000-0000-0000-000000000005', 'Елена В', '+79265549014',
 9000000, 11000000, 'new_building', ARRAY[2,3]::smallint[],
 ARRAY['Горная','Центр'], ARRAY['euro']::repair_type[], ARRAY['cash','mortgage']::payment_form[],
 NULL, NULL, 'negotiation',
 'Ищет 2-3 квартиры для себя и под сдачу. Альтернативная сделка. До 9-11млн'),

('d0000000-0000-0000-0000-000000000016',
 'a0000000-0000-0000-0000-000000000003', 'Юсуф', '+79969174317',
 NULL, 10000000, 'commercial', ARRAY[]::smallint[],
 ARRAY['Горная','Центр'], ARRAY[]::repair_type[], ARRAY['cash']::payment_form[],
 NULL, NULL, 'viewings',
 'Смотрел коммерцию в ЖК Горный Сити. Предложил BMW + нал. Обсуждаем'),

('d0000000-0000-0000-0000-000000000017',
 'a0000000-0000-0000-0000-000000000004', 'Фатима', '+79207973677',
 NULL, 6500000, 'commercial', ARRAY[]::smallint[],
 ARRAY['Горная','Центр','Университет'], ARRAY[]::repair_type[], ARRAY['cash','mortgage']::payment_form[],
 NULL, NULL, 'selection',
 'Ищет коммерцию. Рассматривает под сдачу или под стоматологию. До 6-6500тыс'),

('d0000000-0000-0000-0000-000000000018',
 'a0000000-0000-0000-0000-000000000002', 'Заира', '+79889353363',
 NULL, 6000000, 'new_building', ARRAY[1,2]::smallint[],
 ARRAY['Горная','Центр','Университет'], ARRAY[]::repair_type[], ARRAY['mortgage','matcapital']::payment_form[],
 NULL, NULL, 'new',
 'Интересовалась семейной ипотекой в городе. Маткапитал 900тыс + отцовский'),

('d0000000-0000-0000-0000-000000000019',
 'a0000000-0000-0000-0000-000000000005', 'Розанна', '+79889279215',
 NULL, 7000000, 'new_building', ARRAY[1,2]::smallint[],
 ARRAY['Горная','Центр'], ARRAY[]::repair_type[], ARRAY['installment']::payment_form[],
 NULL, NULL, 'qualifying',
 'Большая однушка или двушка в рассрочку. Ежемес. платёж 40-50тыс. ПВ мин 700тыс'),

('d0000000-0000-0000-0000-000000000020',
 'a0000000-0000-0000-0000-000000000003', 'Мухамед', '+79387016888',
 NULL, 5100000, 'house', ARRAY[]::smallint[],
 ARRAY['Центр','Горная'], ARRAY[]::repair_type[], ARRAY['cash','mortgage']::payment_form[],
 NULL, NULL, 'new',
 'Ищет дом на участке в черте города. Что-то очень дешёвое. До 5100тыс'),

('d0000000-0000-0000-0000-000000000021',
 'a0000000-0000-0000-0000-000000000002', 'Яна', '+79010050809',
 NULL, 4500000, 'new_building', ARRAY[1]::smallint[],
 ARRAY['Горная','Центр'], ARRAY[]::repair_type[], ARRAY['mortgage','matcapital']::payment_form[],
 NULL, NULL, 'new',
 'Хотела квартиру по семейке, отказали в банке. ПВ маткап 690тыс. Ищем варианты'),

('d0000000-0000-0000-0000-000000000022',
 'a0000000-0000-0000-0000-000000000004', 'Мадина', '+79064836000',
 NULL, 4500000, 'new_building', ARRAY[1]::smallint[],
 ARRAY['Горная','Университет'], ARRAY[]::repair_type[], ARRAY['mortgage','matcapital']::payment_form[],
 NULL, NULL, 'new',
 'Искала по семейной ипотеке в сданном доме. Предложил Кенже'),

('d0000000-0000-0000-0000-000000000023',
 'a0000000-0000-0000-0000-000000000005', 'Елена', '+79289068999',
 NULL, 3000000, 'land', ARRAY[]::smallint[],
 ARRAY['Центр'], ARRAY[]::repair_type[], ARRAY['cash']::payment_form[],
 NULL, NULL, 'new',
 'Ищет похожий четкий участок по Эркен Езен, как можно ближе к ул. Ленина'),

('d0000000-0000-0000-0000-000000000024',
 'a0000000-0000-0000-0000-000000000005', 'Ноуруз', '+79287186080',
 NULL, 9000000, 'apartment', ARRAY[3]::smallint[],
 ARRAY['Центр','Горная'], ARRAY[]::repair_type[], ARRAY['cash','mortgage']::payment_form[],
 NULL, NULL, 'thinking',
 'Смотрел трёшку на Кирова 3 на 6 этаже');

-- ── 6. Tasks ──────────────────────────────────────────────────────────────────
INSERT INTO tasks (demand_id, agent_id, title, due_at) VALUES
    ('d0000000-0000-0000-0000-000000000001', 'a0000000-0000-0000-0000-000000000003',
     'Перезвонить Исламу — показать 2-к в ЖК Горный Сити', NOW() + INTERVAL '1 day'),
    ('d0000000-0000-0000-0000-000000000003', 'a0000000-0000-0000-0000-000000000004',
     'Организовать показ Наталье в ЖК Небо', NOW() + INTERVAL '2 days'),
    ('d0000000-0000-0000-0000-000000000006', 'a0000000-0000-0000-0000-000000000002',
     'Перезвонить Рае по подобранным вторичкам', NOW() + INTERVAL '3 hours'),
    ('d0000000-0000-0000-0000-000000000016', 'a0000000-0000-0000-0000-000000000003',
     'Согласовать второй просмотр коммерции Горный Сити с Юсуфом', NOW() + INTERVAL '1 day'),
    ('d0000000-0000-0000-0000-000000000013', 'a0000000-0000-0000-0000-000000000002',
     'Связаться с Ириной — ипотека одобрена, ищем объект', NOW() + INTERVAL '6 hours');

-- ── 7. Activity logs ──────────────────────────────────────────────────────────
INSERT INTO activity_logs (demand_id, agent_id, activity_type, body) VALUES
    ('d0000000-0000-0000-0000-000000000001', 'a0000000-0000-0000-0000-000000000003', 'call',
     'Первичный звонок. Ищет двушку на Горной. Сдача обязательно в этом году. Бюджет до 5млн.'),
    ('d0000000-0000-0000-0000-000000000003', 'a0000000-0000-0000-0000-000000000004', 'viewing',
     'Показ квартиры в ЖК Небо (Дарья, кл.91). Клиентке понравилось, думает.'),
    ('d0000000-0000-0000-0000-000000000006', 'a0000000-0000-0000-0000-000000000002', 'call',
     'Уточнили запрос. Хочет вторичку. Ипотека одобрена + маткапитал 728тыс. Горная или Университет.'),
    ('d0000000-0000-0000-0000-000000000016', 'a0000000-0000-0000-0000-000000000003', 'viewing',
     'Юсуф смотрел коммерцию в Горном Сити (60м² Мишина). Предложил BMW + нал. Обсуждаем.'),
    ('d0000000-0000-0000-0000-000000000015', 'a0000000-0000-0000-0000-000000000005', 'note',
     'Клиент ищет сразу 2-3 квартиры (себе + под сдачу). Альтернативная сделка. Бюджет 9-11млн.'),
    ('d0000000-0000-0000-0000-000000000012', 'a0000000-0000-0000-0000-000000000005', 'call',
     'Елена интересуется горной. 1-к до 5100 или 2-к с черновыми до 6500. Понравился дом на Московской 3-а.'),
    ('d0000000-0000-0000-0000-000000000011', 'a0000000-0000-0000-0000-000000000005', 'note',
     'Соня ищет по сиротскому сертификату. Не меньше 33кв, должны быть санузел и плита. До 3млн.');
